<?xml version="1.0" encoding="windows-1251"?>
<!--  This file conforms to the DTD xdc/bld/build.dtd -->
<package name="xconfig_clock" version="" producerId="undefined">
    <units>
    </units>
    <sources>
        <srcFile name="package/cfg/clock_pe674.c"/>
    </sources>
    <configscripts>
        <srcFile name="C:/Users/peselnikmg/workspace_v5_3/rtiostreamtest_mdaq/clock.cfg"/>
    </configscripts>
    <makefiles>
        <srcFile name="package.mak" src="package.bld"/>
        <srcFile name="package/package.xdc.dep" src="package.xdc"/>
        <srcFile name="package/cfg/clock_pe674.mak" src="package.bld"/>
        <srcFile name="package/cfg/clock_pe674.oe674.dep" src="package/cfg/clock_pe674.c"/>
        <srcFile name="package/cfg/clock_pe674.dep" src="package/cfg/clock_pe674.cfg"/>
        <srcFile name="package/cfg/clock.xe674.mak" src="package.bld"/>
        <srcFile name="package/rel/xconfig_clock.tar.dep" src="package/rel/xconfig_clock.xdc.inc"/>
    </makefiles>
    <targets>
        <target name="ti.targets.elf.C674"
            version="ti.targets.elf.C674{1,0,7.4,1"
            platform="ti.platforms.evmDA830"
            isa="674"
            suffix="e674"
            rootDir="C:/ccsv53/ccsv5/tools/compiler/c6000_7.4.1"
            os="undefined"
            rts="ti.targets.rts6000">
            <model endian="little"
                codeModel="undefined"
                dataModel="undefined"/>
        </target>
    </targets>
    <libraries>
    </libraries>
    <configurations>
    <configuration name="clock"
        pname="clock.pe674"
        target="ti.targets.elf.C674"
        platform="ti.platforms.evmOMAPL137"
        profile="release"
        isPartial="false"
        xCfgScript="package/cfg/clock_pe674.cfg"
        xCfgPrefix="package/cfg/clock_pe674"
        cfgScript="C:/Users/peselnikmg/workspace_v5_3/rtiostreamtest_mdaq/clock.cfg"
        cfgArgs="null"
        />
    </configurations>
    <executables>
    <executable name="clock"
        pname="clock.xe674"
        target="ti.targets.elf.C674"
        platform="ti.platforms.evmOMAPL137"
        profile="release"
        xCfgScript="package/cfg/clock_pe674.cfg"
        xCfgPrefix="package/cfg/clock_pe674"
        cfgScript="C:/Users/peselnikmg/workspace_v5_3/rtiostreamtest_mdaq/clock.cfg"
        cfgArgs="null"
        />
    </executables>
    <tests>
    <test exeName="clock.xe674"
        args=""
        groupName="clock.xe674"
        refOutput="undefined"
        refExitCode="0"
        execArgs=""
        />
    </tests>
    <releases relDir="package/rel/">
    <release name="xconfig_clock"
        pname="xconfig_clock.tar"
        label="default"
    >
        <file name="package/package.bld.xml"/>
        <file name="package/build.cfg"/>
        <file name="package/package.xdc.inc"/>
    </release>
    </releases>
    <repositories>
    </repositories>
</package>
